PlayerID,Player,Position,Tm,PassingYds,PassingAirYards,PassingYAC,PassingTD,Sacks,SackYards,Int,PassingAtt,Cmp,PassingFirstDown,PassingEPA,Passing2PC,RushingAtt,RushingYds,RushingTD,RushingFirstDown,RushingEPA,Rushing2PC,Receptions,Targets,ReceivingYards,ReceivingTDs,ReceivingAirYards,ReceivingYAC,ReceivingFirstDown,ReceivingEPA,Receiving2PC,TargetShare,AirYardsShare,WOPR,SpecialTeamsTD,FumblesLost,StandardFantasyPoints,PPRFantasyPoints,HalfPPRFantasyPoints
00-0019596,Tom Brady,QB,TB,290,295,134,0,1,14,0,49,32,14,-2.3755324,0,1,1,0,0,-0.56958216,0,0,0,0,0,0,0,0,0.0,0,0.0,0.0,0.0,0,0,11.7,11.7,11.7
00-0023459,Aaron Rodgers,QB,GB,194,214,92,2,0,0,0,35,23,10,-2.8398337,0,0,0,0,0,0.0,0,0,0,0,0,0,0,0,0.0,0,0.0,0.0,0.0,0,0,15.76,15.76,15.76
00-0026143,Matt Ryan,QB,IND,243,177,119,1,3,16,2,44,33,12,-9.110603,0,1,2,0,0,-1.3477558,0,0,0,0,0,0,0,0,0.0,0,0.0,0.0,0.0,0,0,9.92,9.92,9.92
00-0026197,Chad Henne,QB,KC,0,-4,0,0,0,0,0,2,0,0,-1.8915138,0,3,-3,0,0,0.0,0,0,0,0,0,0,0,0,0.0,0,0.0,0.0,0.0,0,0,-0.3,-0.3,-0.3
00-0027966,Mark Ingram,RB,NO,0,0,0,0,0,0,0,0,0,0,0.0,0,4,6,0,1,-1.1387064,0,3,3,16,0,4,12,1,-0.19896868,0,0.06521739,0.010810811,0.105393656,0,0,2.2,5.2,3.7
00-0027973,Andy Dalton,QB,NO,361,377,187,4,0,0,3,47,30,15,-1.3456372,0,4,21,0,2,1.761421,0,0,0,0,0,0,0,0,0.0,0,0.0,0.0,0.0,0,0,26.54,26.54,26.54
00-0027981,Kyle Rudolph,TE,TB,0,0,0,0,0,0,0,0,0,0,0.0,0,0,0,0,0,0.0,0,1,1,8,0,5,3,0,0.41304606,0,0.020833334,0.016949153,0.043114405,0,0,0.8,1.8,1.3
00-0029293,Marvin Jones,WR,JAX,0,0,0,0,0,0,0,0,0,0,0.0,0,0,0,0,0,0.0,0,4,8,57,0,122,7,2,2.552687,0,0.18604651,0.28773585,0.48048487,0,0,5.7,9.7,7.7
00-0029701,Ryan Tannehill,QB,TEN,132,128,48,0,2,16,0,20,13,6,3.5131788,0,4,6,0,1,-7.2204366,0,0,0,0,0,0,0,0,0.0,0,0.0,0.0,0.0,0,1,3.88,3.88,3.88
00-0029892,Kyle Juszczyk,FB,SF,0,0,0,0,0,0,0,0,0,0,0.0,0,0,0,0,0,0.0,0,3,4,34,0,11,23,1,2.657464,0,0.08695652,0.032163743,0.15294941,0,0,3.4,6.4,4.9
00-0030061,Zach Ertz,TE,ARI,0,0,0,0,0,0,0,0,0,0,0.0,0,0,0,0,0,0.0,0,2,4,21,0,28,0,1,0.727655,1,0.13793103,0.12962963,0.29763728,0,0,4.1,6.1,5.1
00-0030068,Marquise Goodwin,WR,SEA,0,0,0,0,0,0,0,0,0,0,0.0,0,0,0,0,0,0.0,0,4,5,67,2,66,11,3,7.9407864,0,0.1923077,0.31578946,0.50951415,0,0,18.7,22.7,20.7
00-0030108,Ryan Griffin,TE,CHI,0,0,0,0,0,0,0,0,0,0,0.0,0,0,0,0,0,0.0,0,1,1,5,0,-1,6,0,0.048179988,0,0.04761905,-0.004878049,0.06801394,0,0,0.5,1.5,1.0
00-0030279,Keenan Allen,WR,LAC,0,0,0,0,0,0,0,0,0,0,0.0,0,0,0,0,0,0.0,0,2,2,11,0,5,6,1,1.3896992,0,0.039215688,0.016129032,0.07011385,0,0,1.1,3.1,2.1
00-0030288,Rex Burkhead,RB,HOU,0,0,0,0,0,0,0,0,0,0,0.0,0,2,8,0,1,0.6949972,0,5,6,11,0,1,17,0,-3.2960303,0,0.15,0.004255319,0.22797872,0,0,1.9,6.9,4.4
00-0030431,Robert Woods,WR,TEN,0,0,0,0,0,0,0,0,0,0,0.0,0,0,0,0,0,0.0,0,3,4,26,0,30,2,2,2.6449502,0,0.2,0.234375,0.4640625,0,0,2.6,5.6,4.1
00-0030506,Travis Kelce,TE,KC,0,0,0,0,0,0,0,0,0,0,0.0,0,0,0,0,0,0.0,0,6,8,98,0,45,49,4,4.630042,0,0.23529412,0.17307693,0.47409502,0,0,9.8,15.8,12.8
00-0030513,Latavius Murray,RB,DEN,0,0,0,0,0,0,0,0,0,0,0.0,0,8,24,1,2,-0.6778497,0,2,3,-1,0,-7,2,0,-2.4823782,0,0.06666667,-0.014830508,0.089618646,0,0,8.3,10.3,9.3
00-0030564,DeAndre Hopkins,WR,ARI,0,0,0,0,0,0,0,0,0,0,0.0,0,0,0,0,0,0.0,0,10,14,103,0,131,16,4,2.0112734,0,0.4827586,0.6064815,1.148675,0,0,10.3,20.3,15.3
00-0030565,Geno Smith,QB,SEA,210,206,79,2,2,19,1,27,20,10,4.5663705,0,4,7,0,1,-7.5995936,0,0,0,0,0,0,0,0,0.0,0,0.0,0.0,0.0,0,1,13.1,13.1,13.1
00-0031236,Brandin Cooks,WR,HOU,0,0,0,0,0,0,0,0,0,0,0.0,0,0,0,0,0,0.0,0,4,5,46,0,44,14,2,1.56406,0,0.125,0.18723404,0.31856382,0,0,4.6,8.6,6.6
00-0031280,Derek Carr,QB,LV,241,197,105,1,1,5,0,27,21,13,12.190015,0,3,-1,0,0,-1.7036422,0,0,0,0,0,0,0,0,0.0,0,0.0,0.0,0.0,0,0,13.54,13.54,13.54
00-0031325,Sammy Watkins,WR,GB,0,0,0,0,0,0,0,0,0,0,0.0,0,0,0,0,0,0.0,0,2,4,36,0,85,7,1,-0.24403681,0,0.121212125,0.39906102,0.4611609,0,0,3.6,5.6,4.6
00-0031345,Jimmy Garoppolo,QB,SF,303,247,162,2,5,26,1,37,25,14,2.4119112,0,2,2,0,1,0.42613223,0,0,0,0,0,0,0,0,0.0,0,0.0,0.0,0.0,0,1,16.32,16.32,16.32
00-0031376,Jerick McKinnon,RB,KC,0,0,0,0,0,0,0,0,0,0,0.0,0,2,12,0,0,0.5300517,0,2,3,36,0,2,37,1,3.8571942,0,0.0882353,0.007692308,0.13773756,0,0,4.8,6.8,5.8
00-0031381,Davante Adams,WR,LV,0,0,0,0,0,0,0,0,0,0,0.0,0,0,0,0,0,0.0,0,8,9,95,0,92,32,5,7.6112394,0,0.34615386,0.5,0.86923075,0,0,9.5,17.5,13.5
00-0031408,Mike Evans,WR,TB,0,0,0,0,0,0,0,0,0,0,0.0,0,0,0,0,0,0.0,0,9,15,96,0,217,4,5,0.7457975,0,0.3125,0.7355932,0.9836652,0,0,9.6,18.6,14.1
00-0031544,Amari Cooper,WR,CLE,0,0,0,0,0,0,0,0,0,0,0.0,0,0,0,0,0,0.0,0,3,4,74,0,84,9,2,4.158118,0,0.16,0.5090909,0.59636366,0,0,7.4,10.4,8.9
00-0031545,Kevin White,WR,NO,0,0,0,0,0,0,0,0,0,0,0.0,0,0,0,0,0,0.0,0,1,1,64,0,2,62,1,4.8494477,0,0.02173913,0.005405406,0.03639248,0,0,6.4,7.4,6.9
00-0031547,DeVante Parker,WR,NE,0,0,0,0,0,0,0,0,0,0,0.0,0,0,0,0,0,0.0,0,3,5,68,0,84,8,3,1.4025728,0,0.17857143,0.3442623,0.50884074,0,0,6.8,9.8,8.3
00-0031549,Nelson Agholor,WR,NE,0,0,0,0,0,0,0,0,0,0,0.0,0,0,0,0,0,0.0,0,0,1,0,0,6,0,0,-3.525572,0,0.035714287,0.024590164,0.07078455,0,0,0.0,0.0,0.0
00-0031687,Raheem Mostert,RB,MIA,0,0,0,0,0,0,0,0,0,0,0.0,0,16,79,0,4,-1.4473548,0,4,5,30,1,14,21,2,2.0264356,0,0.14285715,0.04057971,0.24269152,0,0,16.9,20.9,18.9
00-0031690,Eric Tomlinson,TE,DEN,0,0,0,0,0,0,0,0,0,0,0.0,0,0,0,0,0,0.0,0,2,2,21,0,4,17,1,2.278859,0,0.044444446,0.008474576,0.07259887,0,0,2.1,4.1,3.1
00-0031763,DeAndre Carter,WR,LAC,0,0,0,0,0,0,0,0,0,0,0.0,0,0,0,0,0,0.0,0,3,7,37,0,71,9,1,-5.095383,0,0.13725491,0.22903226,0.36620495,0,0,3.7,6.7,5.2
00-0031800,Taylor Heinicke,QB,WAS,201,182,120,2,1,3,1,33,20,11,-1.0927044,0,2,4,0,0,-1.1566929,0,0,0,0,0,0,0,0,0.0,0,0.0,0.0,0.0,0,0,14.44,14.44,14.44
00-0031868,Damiere Byrd,WR,ATL,0,0,0,0,0,0,0,0,0,0,0.0,0,0,0,0,0,0.0,0,1,1,75,1,41,34,1,6.6108427,0,0.083333336,0.41,0.412,0,0,13.5,14.5,14.0
00-0032104,Ameer Abdullah,RB,LV,0,0,0,0,0,0,0,0,0,0,0.0,0,0,0,0,0,0.0,0,2,2,7,0,-7,14,0,-2.1298912,0,0.07692308,-0.038043477,0.08875418,0,0,0.7,2.7,1.7
00-0032134,C.J. Uzomah,TE,NYJ,0,0,0,0,0,0,0,0,0,0,0.0,0,0,0,0,0,0.0,0,1,2,5,0,8,7,0,-1.4955857,0,0.08695652,0.069565214,0.17913043,0,0,0.5,1.5,1.0
00-0032141,Geoff Swaim,TE,TEN,0,0,0,0,0,0,0,0,0,0,0.0,0,0,0,0,0,0.0,0,0,1,0,0,13,0,0,-0.45663053,0,0.05,0.1015625,0.14609376,0,0,0.0,0.0,0.0
00-0032144,Melvin Gordon,RB,DEN,0,0,0,0,0,0,0,0,0,0,0.0,0,11,33,0,1,-1.8524555,0,2,4,17,0,9,11,1,-1.1328193,0,0.08888889,0.019067796,0.14668079,0,0,5.0,7.0,6.0
00-0032208,Phillip Dorsett,WR,HOU,0,0,0,0,0,0,0,0,0,0,0.0,0,0,0,0,0,0.0,0,2,3,45,1,48,0,2,3.9494033,0,0.075,0.20425531,0.2554787,0,0,10.5,12.5,11.5
00-0032211,Tyler Lockett,WR,SEA,0,0,0,0,0,0,0,0,0,0,0.0,0,0,0,0,0,0.0,0,7,8,45,0,43,9,3,-2.7298286,0,0.30769232,0.20574163,0.6055576,0,0,4.5,11.5,8.0
00-0032268,Marcus Mariota,QB,ATL,124,109,43,1,3,17,0,13,8,5,1.1048316,0,6,31,0,2,0.3868665,0,0,0,0,0,0,0,0,0.0,0,0.0,0.0,0.0,0,0,12.06,12.06,12.06
00-0032392,Austin Hooper,TE,TEN,0,0,0,0,0,0,0,0,0,0,0.0,0,0,0,0,0,0.0,0,3,3,56,0,43,13,3,6.0008955,0,0.15,0.3359375,0.46015626,0,0,5.6,8.6,7.1
00-0032398,Chris Moore,WR,HOU,0,0,0,0,0,0,0,0,0,0,0.0,0,0,0,0,0,0.0,0,2,4,20,1,33,8,1,2.5629323,0,0.1,0.14042553,0.24829787,0,0,8.0,10.0,9.0
00-0032464,Kalif Raymond,WR,DET,0,0,0,0,0,0,0,0,0,0,0.0,0,2,20,0,1,1.4140747,0,5,6,75,0,48,32,3,4.3246584,0,0.24,0.32876712,0.590137,0,0,9.5,14.5,12.0
00-0032602,J.D. McKissic,RB,WAS,0,0,0,0,0,0,0,0,0,0,0.0,0,1,4,0,0,-0.16802149,0,0,2,0,0,8,0,0,-9.947966,0,0.0625,0.044444446,0.124861114,0,0,0.4,0.4,0.4
00-0032688,Robby Anderson,WR,ARI,0,0,0,0,0,0,0,0,0,0,0.0,0,0,0,0,0,0.0,0,0,1,0,0,42,0,0,-0.80898654,0,0.03448276,0.19444445,0.18783525,0,0,0.0,0.0,0.0
00-0032764,Derrick Henry,RB,TEN,0,0,0,0,0,0,0,0,0,0,0.0,0,30,128,0,7,-4.469233,0,3,3,10,0,-9,19,0,1.4747895,0,0.15,-0.0703125,0.17578125,0,0,13.8,16.8,15.3
00-0032980,Marcus Johnson,WR,NYG,0,0,0,0,0,0,0,0,0,0,0.0,0,0,0,0,0,0.0,0,0,3,0,0,22,0,0,-5.6740193,0,0.10344828,0.11398964,0.23496516,0,0,0.0,0.0,0.0
00-0033009,Tyler Boyd,WR,CIN,0,0,0,0,0,0,0,0,0,0,0.0,0,0,0,0,0,0.0,0,8,9,155,1,117,38,6,11.545272,0,0.21428572,0.32231405,0.5470484,0,0,21.5,29.5,25.5
00-0033040,Tyreek Hill,WR,MIA,0,0,0,0,0,0,0,0,0,0,0.0,0,0,0,0,0,0.0,0,7,13,72,0,171,12,3,-1.4490014,0,0.37142858,0.49565217,0.9040994,0,0,7.2,14.2,10.7
00-0033045,Ezekiel Elliott,RB,DAL,0,0,0,0,0,0,0,0,0,0,0.0,0,15,57,2,6,-0.5443172,0,0,0,0,0,0,0,0,0.0,0,0.0,0.0,0.0,0,0,17.7,17.7,17.7
00-0033077,Dak Prescott,QB,DAL,207,270,79,1,2,16,0,25,19,10,9.683366,0,3,0,0,0,-2.2834322,0,0,0,0,0,0,0,0,0.0,0,0.0,0.0,0.0,0,0,12.28,12.28,12.28
00-0033090,Hunter Henry,TE,NE,0,0,0,0,0,0,0,0,0,0,0.0,0,0,0,0,0,0.0,0,1,2,12,0,12,0,1,0.27766055,0,0.071428575,0.04918033,0.1415691,0,0,1.2,2.2,1.7
00-0033106,Jared Goff,QB,DET,228,151,141,0,5,33,2,26,21,11,-6.6372323,0,1,4,0,0,-1.1289281,0,0,0,0,0,0,0,0,0.0,0,0.0,0.0,0.0,0,2,1.52,1.52,1.52
00-0033118,Kenyan Drake,RB,BAL,0,0,0,0,0,0,0,0,0,0,0.0,0,11,5,0,0,-6.379845,0,0,1,0,0,-5,0,0,-1.2654128,0,0.0625,-0.056818184,0.053977273,0,0,0.5,0.5,0.5
00-0033119,Jacoby Brissett,QB,CLE,258,178,104,0,5,35,0,27,22,8,0.48328263,0,3,18,0,2,1.5820925,0,0,0,0,0,0,0,0,0.0,0,0.0,0.0,0.0,0,1,10.12,10.12,10.12
00-0033275,Phillip Walker,QB,CAR,177,187,80,2,1,7,0,22,16,8,5.2688746,0,0,0,0,0,0.0,0,0,0,0,0,0,0,0,0.0,0,0.0,0.0,0.0,0,0,15.08,15.08,15.08
00-0033280,Christian McCaffrey,RB,SF,0,0,0,0,0,0,0,0,0,0,0.0,0,8,38,0,2,-0.28548738,0,2,2,24,0,-4,28,1,1.3593363,0,0.04347826,-0.011695907,0.057030257,0,0,6.2,8.2,7.2
00-0033282,Curtis Samuel,WR,WAS,0,0,0,0,0,0,0,0,0,0,0.0,0,5,26,0,2,0.34040633,0,5,8,53,0,39,28,3,5.2262087,0,0.25,0.21666667,0.52666664,0,0,7.9,12.9,10.4
00-0033288,George Kittle,TE,SF,0,0,0,0,0,0,0,0,0,0,0.0,0,0,0,0,0,0.0,0,6,9,98,1,96,34,5,2.895032,0,0.19565217,0.28070176,0.4899695,0,0,15.8,21.8,18.8
00-0033293,Aaron Jones,RB,GB,0,0,0,0,0,0,0,0,0,0,0.0,0,8,23,0,2,-0.7126574,0,9,10,53,2,16,31,3,3.831159,0,0.3030303,0.07511737,0.50712764,0,0,19.6,28.6,24.1
00-0033308,Matt Breida,RB,NYG,0,0,0,0,0,0,0,0,0,0,0.0,0,4,19,0,1,0.20840767,0,1,1,14,0,2,12,1,1.4659921,0,0.03448276,0.010362694,0.058978025,0,0,3.3,4.3,3.8
00-0033357,Taysom Hill,TE,NO,48,11,37,0,0,0,0,2,2,2,4.1104097,0,3,9,0,1,0.63551855,0,1,1,3,1,-3,6,1,1.2447907,0,0.02173913,-0.008108108,0.02693302,0,0,9.12,10.12,9.62
00-0033376,Patrick Ricard,FB,BAL,0,0,0,0,0,0,0,0,0,0,0.0,0,1,0,0,0,-1.7037235,0,2,2,20,0,-2,22,1,0.18218224,0,0.125,-0.022727273,0.17159091,0,0,2.0,4.0,3.0
00-0033386,Cody Hollister,WR,TEN,0,0,0,0,0,0,0,0,0,0,0.0,0,0,0,0,0,0.0,0,2,2,32,0,24,8,1,0.9128966,0,0.1,0.1875,0.28125,0,0,3.2,5.2,4.2
00-0033526,Samaje Perine,RB,CIN,0,0,0,0,0,0,0,0,0,0,0.0,0,1,0,0,0,-1.2420723,0,2,2,8,0,-1,9,0,-0.15734282,0,0.04761905,-0.002754821,0.0695002,0,0,0.8,2.8,1.8
00-0033536,Mike Williams,WR,LAC,0,0,0,0,0,0,0,0,0,0,0.0,0,0,0,0,0,0.0,0,7,9,86,1,98,49,5,5.0339704,0,0.1764706,0.31612903,0.48599622,0,0,14.6,21.6,18.1
00-0033555,Mack Hollins,WR,LV,0,0,0,0,0,0,0,0,0,0,0.0,0,0,0,0,0,0.0,0,2,3,44,1,40,10,2,3.922994,0,0.115384616,0.2173913,0.32525083,0,0,10.4,12.4,11.4
00-0033576,Eric Saubert,TE,DEN,0,0,0,0,0,0,0,0,0,0,0.0,0,0,0,0,0,0.0,0,0,1,0,0,19,0,0,-1.6273738,0,0.022222223,0.04025424,0.0615113,0,0,0.0,0.0,0.0
00-0033591,Noah Brown,WR,DAL,0,0,0,0,0,0,0,0,0,0,0.0,0,0,0,0,0,0.0,0,5,7,50,0,84,11,1,-3.1170163,0,0.28,0.31111112,0.6377778,0,1,3.0,8.0,5.5
00-0033699,Austin Ekeler,RB,LAC,0,0,0,0,0,0,0,0,0,0,0.0,0,9,31,1,2,-5.189329,0,12,12,96,1,5,91,7,6.3727317,0,0.23529412,0.016129032,0.3642315,0,0,24.7,36.7,30.7
00-0033757,Robert Tonyan,TE,GB,0,0,0,0,0,0,0,0,0,0,0.0,0,0,0,0,0,0.0,0,3,4,32,0,21,16,0,-0.62245446,0,0.121212125,0.09859155,0.25083226,0,0,3.2,6.2,4.7
00-0033854,Dare Ogunbowale,RB,HOU,0,0,0,0,0,0,0,0,0,0,0.0,0,1,8,0,1,0.79667884,0,5,7,54,0,15,54,2,0.21548872,0,0.175,0.06382979,0.30718085,0,0,6.2,11.2,8.7
00-0033856,Leonard Fournette,RB,TB,0,0,0,0,0,0,0,0,0,0,0.0,0,8,19,0,2,-6.1639347,0,2,3,7,0,-12,13,0,-2.6033726,0,0.0625,-0.040677965,0.06527542,0,0,2.6,4.6,3.6
00-0033857,JuJu Smith-Schuster,WR,KC,0,0,0,0,0,0,0,0,0,0,0.0,0,0,0,0,0,0.0,0,7,8,124,1,73,63,6,12.9085455,0,0.23529412,0.28076923,0.54947966,0,0,18.4,25.4,21.9
00-0033858,Jonnu Smith,TE,NE,0,0,0,0,0,0,0,0,0,0,0.0,0,0,0,0,0,0.0,0,1,3,4,0,26,1,0,-4.7506213,0,0.10714286,0.10655738,0.23530445,0,0,0.4,1.4,0.9
00-0033871,Corey Davis,WR,NYJ,0,0,0,0,0,0,0,0,0,0,0.0,0,0,0,0,0,0.0,0,0,1,0,0,21,0,0,-1.4313424,0,0.04347826,0.1826087,0.19304349,0,0,0.0,0.0,0.0
00-0033873,Patrick Mahomes,QB,KC,423,265,194,3,1,6,1,34,25,19,29.827543,0,0,0,0,0,0.0,0,0,0,0,0,0,0,0,0.0,0,0.0,0.0,0.0,0,0,26.92,26.92,26.92
00-0033881,Evan Engram,TE,JAX,0,0,0,0,0,0,0,0,0,0,0.0,0,0,0,0,0,0.0,0,4,7,67,0,63,32,3,3.6478796,0,0.1627907,0.1485849,0.3481955,0,0,6.7,10.7,8.7
00-0033885,David Njoku,TE,CLE,0,0,0,0,0,0,0,0,0,0,0.0,0,0,0,0,0,0.0,0,7,7,71,0,21,50,3,3.4081266,0,0.28,0.12727273,0.5090909,0,0,7.1,14.1,10.6
00-0033891,Zay Jones,WR,JAX,0,0,0,0,0,0,0,0,0,0,0.0,0,1,14,0,1,1.3409612,0,4,10,54,0,102,11,4,4.2038236,0,0.23255815,0.24056605,0.51723343,0,0,6.8,10.8,8.8
00-0033895,Gerald Everett,TE,LAC,0,0,0,0,0,0,0,0,0,0,0.0,0,0,0,0,0,0.0,0,5,9,63,0,80,30,3,0.06972118,0,0.1764706,0.2580645,0.44535103,0,0,6.3,11.3,8.8
00-0033897,Joe Mixon,RB,CIN,0,0,0,0,0,0,0,0,0,0,0.0,0,17,58,1,3,-1.249241,0,3,3,33,0,8,25,1,2.228238,0,0.071428575,0.022038568,0.12256985,0,0,15.1,18.1,16.6
00-0033906,Alvin Kamara,RB,NO,0,0,0,0,0,0,0,0,0,0,0.0,0,11,49,0,3,-1.8317347,0,7,9,56,0,16,48,3,1.6757798,0,0.19565217,0.043243244,0.32374853,0,0,10.5,17.5,14.0
00-0033921,Chris Godwin,WR,TB,0,0,0,0,0,0,0,0,0,0,0.0,0,1,2,0,0,-0.41874525,0,7,13,43,0,69,37,2,-4.387378,0,0.27083334,0.23389831,0.56997883,0,0,4.5,11.5,8.0
00-0033923,Kareem Hunt,RB,CLE,0,0,0,0,0,0,0,0,0,0,0.0,0,5,4,1,1,-0.89188117,0,1,2,4,0,-6,8,0,-1.115435,0,0.08,-0.036363635,0.094545454,0,0,6.8,7.8,7.3
00-0033925,D'Onta Foreman,RB,CAR,0,0,0,0,0,0,0,0,0,0,0.0,0,15,118,0,2,0.8618586,0,2,2,27,0,0,27,1,1.7859882,0,0.0952381,0.0,0.14285715,0,0,14.5,16.5,15.5
00-0033943,Josh Reynolds,WR,DET,0,0,0,0,0,0,0,0,0,0,0.0,0,0,0,0,0,0.0,0,1,2,8,0,41,3,0,-3.0546381,0,0.08,0.28082192,0.31657535,0,0,0.8,1.8,1.3
00-0033948,Jamaal Williams,RB,DET,0,0,0,0,0,0,0,0,0,0,0.0,0,15,79,0,5,-6.04721,0,1,1,4,0,0,4,0,-0.51738566,0,0.04,0.0,0.06,0,1,6.3,7.3,6.8
00-0034011,Dan Arnold,TE,JAX,0,0,0,0,0,0,0,0,0,0,0.0,0,0,0,0,0,0.0,0,1,1,24,0,0,24,1,1.533221,0,0.023255814,0.0,0.034883723,0,0,2.4,3.4,2.9
00-0034104,Cam Sims,WR,WAS,0,0,0,0,0,0,0,0,0,0,0.0,0,0,0,0,0,0.0,0,1,2,12,0,-10,15,1,0.72504187,0,0.0625,-0.055555556,0.05486111,0,0,1.2,2.2,1.7
00-0034115,Jeffery Wilson,RB,SF,0,0,0,0,0,0,0,0,0,0,0.0,0,7,54,0,3,2.7368455,0,0,1,0,0,8,0,0,-0.7786592,0,0.02173913,0.023391813,0.048982963,0,0,5.4,5.4,5.4
00-0034159,Will Dissly,TE,SEA,0,0,0,0,0,0,0,0,0,0,0.0,0,0,0,0,0,0.0,0,4,4,45,0,23,22,3,3.7366648,0,0.15384616,0.11004785,0.30780274,0,0,4.5,8.5,6.5
00-0034184,Gus Edwards,RB,BAL,0,0,0,0,0,0,0,0,0,0,0.0,0,16,66,2,5,4.8881903,0,0,1,0,0,2,0,0,-0.55734104,0,0.0625,0.022727273,0.10965909,0,0,18.6,18.6,18.6
00-0034208,Mike Boone,RB,DEN,0,0,0,0,0,0,0,0,0,0,0.0,0,4,23,0,1,0.37436676,0,0,0,0,0,0,0,0,0.0,0,0.0,0.0,0.0,0,0,2.3,2.3,2.3
00-0034253,Dontrell Hilliard,RB,TEN,0,0,0,0,0,0,0,0,0,0,0.0,0,1,4,0,0,-1.0474086,0,0,2,0,0,8,0,0,-1.5951688,0,0.1,0.0625,0.19375,0,0,0.4,0.4,0.4
00-0034270,Tyler Conklin,TE,NYJ,0,0,0,0,0,0,0,0,0,0,0.0,0,0,0,0,0,0.0,0,4,6,22,0,45,13,1,-2.989505,0,0.26086956,0.39130434,0.6652174,0,0,2.2,6.2,4.2
00-0034272,Marquez Valdes-Scantling,WR,KC,0,0,0,0,0,0,0,0,0,0,0.0,0,0,0,0,0,0.0,0,3,4,111,0,106,16,3,8.609065,0,0.11764706,0.4076923,0.4618552,0,0,11.1,14.1,12.6
00-0034279,Equanimeous St. Brown,WR,CHI,0,0,0,0,0,0,0,0,0,0,0.0,0,0,0,0,0,0.0,0,4,7,48,0,70,10,4,-0.16040799,0,0.33333334,0.34146342,0.7390244,0,0,4.8,8.8,6.8
00-0034286,Richie James,WR,NYG,0,0,0,0,0,0,0,0,0,0,0.0,0,0,0,0,0,0.0,0,1,2,2,0,13,3,0,-1.6956992,0,0.06896552,0.06735751,0.15059854,0,0,0.2,1.2,0.7
00-0034348,Courtland Sutton,WR,DEN,0,0,0,0,0,0,0,0,0,0,0.0,0,0,0,0,0,0.0,0,3,9,23,0,135,8,1,-5.194576,0,0.2,0.28601694,0.50021183,0,0,2.3,5.3,3.8
00-0034364,Jordan Akins,TE,HOU,0,0,0,0,0,0,0,0,0,0,0.0,0,0,0,0,0,0.0,0,3,4,68,0,31,44,3,7.8418603,0,0.1,0.1319149,0.24234043,0,0,6.8,9.8,8.3
00-0034365,Ian Thomas,TE,CAR,0,0,0,0,0,0,0,0,0,0,0.0,0,0,0,0,0,0.0,0,1,1,3,0,-6,9,0,-0.38318464,0,0.04761905,-0.034883723,0.047009967,0,0,0.3,1.3,0.8
00-0034367,Nyheim Hines,RB,IND,0,0,0,0,0,0,0,0,0,0,0.0,0,4,2,0,0,-2.0371268,0,5,5,41,0,1,40,2,3.578439,0,0.12195122,0.006097561,0.18719512,0,0,4.3,9.3,6.8
00-0034383,Dalton Schultz,TE,DAL,0,0,0,0,0,0,0,0,0,0,0.0,0,0,0,0,0,0.0,0,5,5,49,0,25,24,3,3.8690479,0,0.2,0.09259259,0.36481482,0,0,4.9,9.9,7.4
00-0034386,Justin Watson,WR,KC,0,0,0,0,0,0,0,0,0,0,0.0,0,0,0,0,0,0.0,0,1,2,4,1,9,0,1,0.8511783,0,0.05882353,0.034615386,0.11246606,0,0,6.4,7.4,6.9
00-0034407,Ray-Ray McCloud,WR,SF,0,0,0,0,0,0,0,0,0,0,0.0,0,0,0,0,0,0.0,0,4,4,65,1,60,5,4,6.7867885,0,0.08695652,0.1754386,0.2532418,0,0,12.5,16.5,14.5
00-0034411,Russell Gage,WR,TB,0,0,0,0,0,0,0,0,0,0,0.0,0,0,0,0,0,0.0,0,4,5,39,0,27,14,4,4.083942,0,0.104166664,0.09152542,0.2203178,0,0,3.9,7.9,5.9
00-0034419,Braxton Berrios,WR,NYJ,0,0,0,0,0,0,0,0,0,0,0.0,0,2,27,0,1,1.167277,0,3,4,15,0,19,11,1,0.024951173,0,0.17391305,0.16521738,0.37652174,0,0,4.2,7.2,5.7
00-0034440,Justin Jackson,RB,DET,0,0,0,0,0,0,0,0,0,0,0.0,0,3,2,0,0,-1.7799982,0,0,0,0,0,0,0,0,0.0,0,0.0,0.0,0.0,0,0,0.2,0.2,0.2
00-0034487,Trent Sherfield,WR,MIA,0,0,0,0,0,0,0,0,0,0,0.0,0,0,0,0,0,0.0,0,3,3,44,0,34,10,2,2.8027992,0,0.08571429,0.09855072,0.19755694,0,0,4.4,7.4,5.9
00-0034521,Allen Lazard,WR,GB,0,0,0,0,0,0,0,0,0,0,0.0,0,0,0,0,0,0.0,0,6,7,55,0,31,29,4,1.2222717,0,0.21212122,0.14553991,0.42005974,0,0,5.5,11.5,8.5
00-0034613,Tanner Hudson,TE,NYG,0,0,0,0,0,0,0,0,0,0,0.0,0,0,0,0,0,0.0,0,0,1,0,0,2,0,0,-1.7738092,0,0.03448276,0.010362694,0.058978025,0,0,0.0,0.0,0.0
00-0034681,Chase Edmonds,RB,MIA,0,0,0,0,0,0,0,0,0,0,0.0,0,7,17,0,1,-5.4914823,0,0,2,0,0,4,0,0,-1.9645966,0,0.057142857,0.011594203,0.09383023,0,0,1.7,1.7,1.7
00-0034753,Mark Andrews,TE,BAL,0,0,0,0,0,0,0,0,0,0,0.0,0,1,4,0,1,0.49369636,0,0,2,0,0,21,0,0,-2.5059094,0,0.125,0.23863636,0.35454544,0,0,0.4,0.4,0.4
00-0034764,Michael Gallup,WR,DAL,0,0,0,0,0,0,0,0,0,0,0.0,0,0,0,0,0,0.0,0,0,2,0,0,48,0,0,-1.2982504,0,0.08,0.17777778,0.24444444,0,0,0.0,0.0,0.0
00-0034765,Tre'Quan Smith,WR,NO,0,0,0,0,0,0,0,0,0,0,0.0,0,0,0,0,0,0.0,0,5,6,59,0,47,19,3,1.821211,0,0.13043478,0.12702702,0.28457108,0,0,5.9,10.9,8.4
00-0034775,Christian Kirk,WR,JAX,0,1,0,0,0,0,0,1,0,0,-0.3268064,0,1,5,0,0,0.33824217,0,7,10,96,0,130,22,5,2.4472306,0,0.23255815,0.30660376,0.5634599,0,0,10.1,17.1,13.6
00-0034791,Nick Chubb,RB,CLE,0,0,0,0,0,0,0,0,0,0,0.0,0,16,91,1,5,3.1994119,0,2,3,16,0,-8,18,1,0.11368248,0,0.12,-0.048484847,0.1460606,0,0,16.7,18.7,17.7
00-0034796,Lamar Jackson,QB,BAL,120,88,53,0,3,26,0,16,9,5,-4.2712626,0,10,59,0,5,5.155818,0,0,0,0,0,0,0,0,0.0,0,0.0,0.0,0.0,0,0,10.7,10.7,10.7
00-0034827,D.J. Moore,WR,CAR,0,0,0,0,0,0,0,0,0,0,0.0,0,1,-3,0,0,-1.2926031,0,7,10,69,1,88,15,4,2.4850554,0,0.47619048,0.5116279,1.0724252,0,0,12.6,19.6,16.1
00-0034829,Mike Gesicki,TE,MIA,0,0,0,0,0,0,0,0,0,0,0.0,0,0,0,0,0,0.0,0,3,7,27,0,64,12,1,-2.8600314,0,0.2,0.18550725,0.42985508,0,0,2.7,5.7,4.2
00-0034830,Hayden Hurst,TE,CIN,0,0,0,0,0,0,0,0,0,0,0.0,0,0,0,0,0,0.0,0,6,8,48,0,51,15,4,3.206167,0,0.1904762,0.14049587,0.3840614,0,0,4.8,10.8,7.8
00-0034844,Saquon Barkley,RB,NYG,0,0,0,0,0,0,0,0,0,0,0.0,0,24,110,0,5,-0.9656943,0,4,4,25,0,0,25,1,1.2936511,0,0.13793103,0.0,0.20689656,0,0,13.5,17.5,15.5
00-0034845,Sony Michel,RB,LAC,0,0,0,0,0,0,0,0,0,0,0.0,0,2,5,0,0,-0.6749104,0,1,3,8,0,5,8,0,-0.9927376,0,0.05882353,0.016129032,0.099525616,0,0,1.3,2.3,1.8
00-0034860,Dante Pettis,WR,CHI,0,0,0,0,0,0,0,0,0,0,0.0,0,1,29,0,1,2.1405015,0,1,1,2,0,-2,4,0,-0.27637297,0,0.04761905,-0.009756098,0.064599305,0,0,3.1,4.1,3.6
00-0034955,Brett Rypien,QB,DEN,225,486,95,0,1,6,1,46,24,10,-12.780682,0,3,9,0,2,2.1820583,0,0,0,0,0,0,0,0,0.0,0,0.0,0.0,0.0,0,0,7.9,7.9,7.9
00-0034959,Andrew Beck,TE,DEN,0,0,0,0,0,0,0,0,0,0,0.0,0,0,0,0,0,0.0,0,0,1,0,0,-1,0,0,-1.7591685,0,0.022222223,-0.002118644,0.031850282,0,0,0.0,0.0,0.0
00-0034960,Jakobi Meyers,WR,NE,0,0,0,0,0,0,0,0,0,0,0.0,0,0,0,0,0,0.0,0,2,2,34,1,31,3,2,4.218589,0,0.071428575,0.12704918,0.19607729,0,0,9.4,11.4,10.4
00-0034975,Justice Hill,RB,BAL,0,0,0,0,0,0,0,0,0,0,0.0,0,5,26,0,0,-2.659064,0,0,0,0,0,0,0,0,0.0,0,0.0,0.0,0.0,0,1,0.6,0.6,0.6
00-0034981,Foster Moreau,TE,LV,0,0,0,0,0,0,0,0,0,0,0.0,0,0,0,0,0,0.0,0,3,5,28,0,29,16,2,-0.27312472,0,0.1923077,0.1576087,0.39878762,0,0,2.8,5.8,4.3
00-0034983,Hunter Renfrow,WR,LV,0,0,0,0,0,0,0,0,0,0,0.0,0,0,0,0,0,0.0,0,3,3,55,0,42,13,3,4.3624287,0,0.115384616,0.22826087,0.33285955,0,0,5.5,8.5,7.0
00-0035140,Mecole Hardman,WR,KC,0,0,0,0,0,0,0,0,0,0,0.0,0,2,28,2,2,3.9822674,0,4,4,32,1,8,24,2,3.0037398,0,0.11764706,0.03076923,0.19800904,0,0,24.0,28.0,26.0
00-0035208,Olamide Zaccheaus,WR,ATL,0,0,0,0,0,0,0,0,0,0,0.0,0,0,0,0,0,0.0,0,3,4,31,0,37,2,3,3.6920102,0,0.33333334,0.37,0.759,0,0,3.1,6.1,4.6
00-0035216,Diontae Johnson,WR,PIT,0,0,0,0,0,0,0,0,0,0,0.0,0,1,3,0,0,-0.22893125,0,5,10,42,0,87,23,3,-7.5566015,0,0.23809524,0.29591838,0.5642857,0,0,4.5,9.5,7.0
00-0035222,Zach Gentry,TE,PIT,0,0,0,0,0,0,0,0,0,0,0.0,0,0,0,0,0,0.0,0,2,2,0,0,-6,6,0,-1.0883541,0,0.04761905,-0.020408163,0.057142857,0,0,0.0,2.0,1.0
00-0035228,Kyler Murray,QB,ARI,204,216,94,1,2,15,0,29,20,9,1.7994734,1,7,30,0,3,1.7010086,0,0,0,0,0,0,0,0,0.0,0,0.0,0.0,0.0,0,0,17.16,17.16,17.16
00-0035229,T.J. Hockenson,TE,DET,0,0,0,0,0,0,0,0,0,0,0.0,0,0,0,0,0,0.0,0,4,5,48,0,39,15,3,2.8257174,0,0.2,0.26712328,0.4869863,0,0,4.8,8.8,6.8
00-0035249,Josh Oliver,TE,BAL,0,0,0,0,0,0,0,0,0,0,0.0,0,0,0,0,0,0.0,0,0,1,0,0,5,0,0,-0.976073,0,0.0625,0.056818184,0.13352273,0,0,0.0,0.0,0.0
00-0035261,Tony Pollard,RB,DAL,0,0,0,0,0,0,0,0,0,0,0.0,0,12,83,0,2,-0.44687274,0,2,2,26,0,2,24,1,2.1692593,0,0.08,0.007407407,0.12518519,0,0,10.9,12.9,11.9
00-0035298,Scott Miller,WR,TB,0,0,0,0,0,0,0,0,0,0,0.0,0,0,0,0,0,0.0,0,2,2,6,0,6,0,0,-0.21053748,0,0.041666668,0.020338982,0.076737285,0,0,0.6,2.6,1.6
00-0035345,Chris Myarick,TE,NYG,0,0,0,0,0,0,0,0,0,0,0.0,0,0,0,0,0,0.0,0,2,2,21,0,12,9,2,1.7100663,0,0.06896552,0.062176164,0.1469716,0,0,2.1,4.1,3.1
00-0035359,David Sills,WR,NYG,0,0,0,0,0,0,0,0,0,0,0.0,0,0,0,0,0,0.0,0,1,1,19,0,14,5,1,1.6323543,0,0.03448276,0.07253886,0.10250134,0,0,1.9,2.9,2.4
00-0035432,Jason Moore,WR,LAC,0,0,0,0,0,0,0,0,0,0,0.0,0,0,0,0,0,0.0,0,1,2,5,0,24,0,0,-0.7422924,0,0.039215688,0.077419356,0.113017075,0,0,0.5,1.5,1.0
00-0035500,Greg Dortch,WR,ARI,0,0,0,0,0,0,0,0,0,0,0.0,0,1,1,0,0,-0.5299358,0,1,1,5,1,4,1,1,1.5055513,0,0.03448276,0.018518519,0.0646871,0,0,6.6,7.6,7.1
00-0035510,Jeff Smith,WR,NYJ,0,0,0,0,0,0,0,0,0,0,0.0,0,0,0,0,0,0.0,0,0,1,0,0,6,0,0,-1.4917282,0,0.04347826,0.052173913,0.10173913,0,0,0.0,0.0,0.0
00-0035535,Darius Slayton,WR,NYG,0,0,0,0,0,0,0,0,0,0,0.0,0,0,0,0,0,0.0,0,3,6,58,1,94,6,3,4.69996,0,0.20689656,0.48704663,0.6512775,0,0,11.8,14.8,13.3
00-0035537,Ty Johnson,RB,NYJ,0,0,0,0,0,0,0,0,0,0,0.0,0,1,3,0,0,-0.23319192,0,1,1,6,0,5,1,0,0.47383603,0,0.04347826,0.04347826,0.09565217,0,0,0.9,1.9,1.4
00-0035544,Tom Kennedy,WR,DET,0,0,0,0,0,0,0,0,0,0,0.0,0,0,0,0,0,0.0,0,2,3,14,0,18,8,1,-1.1193662,0,0.12,0.12328767,0.26630136,0,0,1.4,3.4,2.4
00-0035547,Joe Fortson,TE,KC,0,0,0,0,0,0,0,0,0,0,0.0,0,0,0,0,0,0.0,0,1,2,8,0,12,2,1,0.090656325,0,0.05882353,0.046153847,0.12054299,0,0,0.8,1.8,1.3
00-0035567,Craig Reynolds,RB,DET,0,0,0,0,0,0,0,0,0,0,0.0,0,4,12,0,0,-1.9546756,0,3,3,18,0,-6,24,1,1.1019815,0,0.12,-0.04109589,0.15123288,0,0,3.0,6.0,4.5
00-0035624,N'Keal Harry,WR,CHI,0,0,0,0,0,0,0,0,0,0,0.0,0,0,0,0,0,0.0,0,1,1,14,0,14,0,1,0.93259203,0,0.04761905,0.068292685,0.11923345,0,0,1.4,2.4,1.9
00-0035639,Parris Campbell,WR,IND,0,0,0,0,0,0,0,0,0,0,0.0,0,0,0,0,0,0.0,0,10,12,70,1,46,28,5,-5.384059,0,0.29268292,0.2804878,0.63536584,0,0,13.0,23.0,18.0
00-0035640,DK Metcalf,WR,SEA,0,0,0,0,0,0,0,0,0,0,0.0,0,0,0,0,0,0.0,0,1,2,12,0,28,1,0,0.5695542,0,0.07692308,0.13397129,0.20916452,0,0,1.2,2.2,1.7
00-0035644,Noah Fant,TE,SEA,0,0,0,0,0,0,0,0,0,0,0.0,0,0,0,0,0,0.0,0,1,3,7,0,39,6,0,-0.9357776,0,0.115384616,0.18660288,0.30369893,0,0,0.7,1.7,1.2
00-0035657,Damien Harris,RB,NE,0,0,0,0,0,0,0,0,0,0,0.0,0,3,8,0,0,-1.0362794,0,1,2,2,0,8,0,0,-0.8629041,0,0.071428575,0.032786883,0.13009368,0,0,1.0,2.0,1.5
00-0035659,Terry McLaurin,WR,WAS,0,0,0,0,0,0,0,0,0,0,0.0,0,0,0,0,0,0.0,0,5,8,73,1,96,29,4,2.6900275,0,0.25,0.53333336,0.74833333,0,0,13.3,18.3,15.8
00-0035685,David Montgomery,RB,CHI,0,0,0,0,0,0,0,0,0,0,0.0,0,15,62,1,3,-0.14096583,0,0,0,0,0,0,0,0,0.0,0,0.0,0.0,0.0,0,0,12.2,12.2,12.2
00-0035700,Josh Jacobs,RB,LV,0,0,0,0,0,0,0,0,0,0,0.0,0,20,143,3,10,6.931988,0,3,4,12,0,-12,20,1,0.70909625,0,0.15384616,-0.06521739,0.18511705,0,0,33.5,36.5,35.0
00-0035710,Daniel Jones,QB,NYG,202,208,99,1,1,2,0,30,19,11,1.8463292,0,11,107,1,7,10.781572,0,0,0,0,0,0,0,0,0.0,0,0.0,0.0,0.0,0,0,28.78,28.78,28.78
00-0035719,Deebo Samuel,WR,SF,0,0,0,0,0,0,0,0,0,0,0.0,0,1,2,0,0,-0.6400472,0,5,7,42,0,25,22,1,0.49853778,0,0.1521739,0.07309941,0.27943045,0,0,4.4,9.4,6.9
00-0035771,Mitchell Wilcox,TE,CIN,0,0,0,0,0,0,0,0,0,0,0.0,0,0,0,0,0,0.0,0,2,2,14,0,6,8,0,-0.2912154,0,0.04761905,0.016528925,0.08299882,0,0,1.4,3.4,2.4
00-0035806,Jamycal Hasty,RB,JAX,0,0,0,0,0,0,0,0,0,0,0.0,0,1,6,0,1,0.5823406,0,0,0,0,0,0,0,0,0.0,0,0.0,0.0,0.0,0,0,0.6,0.6,0.6
00-0035831,James Robinson,RB,JAX,0,0,0,0,0,0,0,0,0,0,0.0,0,0,0,0,0,0.0,0,0,1,0,0,14,0,0,-0.4710992,0,0.023255814,0.03301887,0.05799693,0,0,0.0,0.0,0.0
00-0035864,Kendall Hinton,WR,DEN,0,0,0,0,0,0,0,0,0,0,0.0,0,0,0,0,0,0.0,0,1,1,14,0,14,0,1,0.933221,0,0.022222223,0.029661017,0.054096047,0,0,1.4,2.4,1.9
00-0036040,Juwan Johnson,TE,NO,0,0,0,0,0,0,0,0,0,0,0.0,0,0,0,0,0,0.0,0,5,5,32,2,7,25,2,2.8513699,0,0.10869565,0.018918918,0.17628673,0,0,15.2,20.2,17.7
00-0036176,Mason Kinsey,WR,TEN,0,0,0,0,0,0,0,0,0,0,0.0,0,0,0,0,0,0.0,0,1,1,3,0,3,0,0,0.004852446,0,0.05,0.0234375,0.09140625,0,0,0.3,1.3,0.8
00-0036182,Nick Westbrook-Ikhine,WR,TEN,0,0,0,0,0,0,0,0,0,0,0.0,0,0,0,0,0,0.0,0,0,2,0,0,18,0,0,-1.6767837,0,0.1,0.140625,0.2484375,0,0,0.0,0.0,0.0
00-0036212,Tua Tagovailoa,QB,MIA,261,345,91,1,0,0,0,35,21,12,5.571932,0,4,15,0,0,-0.6144607,0,0,0,0,0,0,0,0,0.0,0,0.0,0.0,0.0,0,0,15.94,15.94,15.94
00-0036219,Marquez Callaway,WR,NO,0,0,0,0,0,0,0,0,0,0,0.0,0,0,0,0,0,0.0,0,2,6,20,0,85,10,1,-10.31858,0,0.13043478,0.22972973,0.356463,0,0,2.0,4.0,3.0
00-0036223,Jonathan Taylor,RB,IND,0,0,0,0,0,0,0,0,0,0,0.0,0,10,58,0,4,2.8580356,0,7,8,27,0,-8,35,0,-4.5545764,0,0.19512194,-0.048780486,0.25853658,0,0,8.5,15.5,12.0
00-0036232,Harrison Bryant,TE,CLE,0,0,0,0,0,0,0,0,0,0,0.0,0,0,0,0,0,0.0,0,2,2,15,0,10,5,1,1.1793336,0,0.08,0.060606062,0.16242424,0,0,1.5,3.5,2.5
00-0036233,Donovan Peoples-Jones,WR,CLE,0,0,0,0,0,0,0,0,0,0,0.0,0,0,0,0,0,0.0,0,6,6,71,0,59,12,1,1.6150012,0,0.24,0.35757574,0.61030304,0,1,5.1,11.1,8.1
00-0036244,Colby Parkinson,TE,SEA,0,0,0,0,0,0,0,0,0,0,0.0,0,0,0,0,0,0.0,0,1,1,28,0,2,26,1,1.4941432,0,0.03846154,0.009569378,0.064390875,0,0,2.8,3.8,3.3
00-0036252,Michael Pittman,WR,IND,0,0,0,0,0,0,0,0,0,0,0.0,0,0,0,0,0,0.0,0,6,9,58,0,68,13,2,-2.1457274,0,0.2195122,0.41463414,0.6195122,0,1,3.8,9.8,6.8
00-0036255,Denzel Mims,WR,NYJ,0,0,0,0,0,0,0,0,0,0,0.0,0,0,0,0,0,0.0,0,1,2,4,0,4,5,0,-0.81152254,0,0.08695652,0.034782607,0.15478261,0,0,0.4,1.4,0.9
00-0036259,Jauan Jennings,WR,SF,0,0,0,0,0,0,0,0,0,0,0.0,0,0,0,0,0,0.0,0,2,4,24,0,30,15,2,-2.103904,0,0.08695652,0.0877193,0.1918383,0,0,2.4,4.4,3.4
00-0036261,Brandon Aiyuk,WR,SF,0,0,0,0,0,0,0,0,0,0,0.0,0,0,0,0,0,0.0,0,7,11,82,0,58,45,4,3.293217,0,0.23913044,0.16959064,0.4774091,0,0,8.2,15.2,11.7
00-0036265,A.J. Dillon,RB,GB,0,0,0,0,0,0,0,0,0,0,0.0,0,4,15,0,0,-0.90457106,0,0,0,0,0,0,0,0,0.0,0,0.0,0.0,0.0,0,0,1.5,1.5,1.5
00-0036268,Laviska Shenault,WR,CAR,0,0,0,0,0,0,0,0,0,0,0.0,0,0,0,0,0,0.0,0,1,1,8,0,-2,10,0,0.48053354,0,0.04761905,-0.011627907,0.06328904,0,0,0.8,1.8,1.3
00-0036290,Cole Kmet,TE,CHI,0,0,0,0,0,0,0,0,0,0,0.0,0,0,0,0,0,0.0,0,2,3,32,0,36,9,1,2.693471,0,0.14285715,0.17560975,0.33721253,0,0,3.2,5.2,4.2
00-0036309,Darnell Mooney,WR,CHI,0,0,0,0,0,0,0,0,0,0,0.0,0,0,0,0,0,0.0,0,3,6,53,0,92,14,3,2.1815505,0,0.2857143,0.44878048,0.74271774,0,0,5.3,8.3,6.8
00-0036326,Chase Claypool,WR,PIT,0,0,0,0,0,0,0,0,0,0,0.0,0,0,0,0,0,0.0,0,5,8,41,0,85,20,2,-3.36506,0,0.1904762,0.28911564,0.48809522,0,0,4.1,9.1,6.6
00-0036328,Antonio Gibson,RB,WAS,0,0,0,0,0,0,0,0,0,0,0.0,0,10,59,0,3,1.1982166,0,3,4,18,1,23,8,1,2.196105,0,0.125,0.12777779,0.27694446,0,0,13.7,16.7,15.2
00-0036331,Devin Duvernay,WR,BAL,0,0,0,0,0,0,0,0,0,0,0.0,0,0,0,0,0,0.0,0,2,3,42,0,24,11,2,2.5047624,0,0.1875,0.27272728,0.4721591,0,0,4.2,6.2,5.2
00-0036355,Justin Herbert,QB,LAC,293,310,193,2,3,17,1,51,33,17,-10.389351,0,3,22,0,1,1.2343615,0,1,1,-8,0,-8,0,0,-1.7889179,0,0.019607844,-0.025806451,0.011347248,0,1,17.12,18.12,17.62
00-0036358,CeeDee Lamb,WR,DAL,0,0,0,0,0,0,0,0,0,0,0.0,0,1,-4,0,0,-1.0879331,0,4,6,70,0,106,13,4,6.4500422,0,0.24,0.39259258,0.6348148,0,0,6.6,10.6,8.6
00-0036360,Clyde Edwards-Helaire,RB,KC,0,0,0,0,0,0,0,0,0,0,0.0,0,6,32,1,1,0.86578757,0,0,1,0,0,-10,0,0,-0.49508524,0,0.029411765,-0.03846154,0.017194571,0,0,9.2,9.2,9.2
00-0036383,Eno Benjamin,RB,ARI,0,0,0,0,0,0,0,0,0,0,0.0,0,12,92,1,4,6.0917654,1,4,5,21,0,-11,35,1,-0.09456621,0,0.1724138,-0.050925925,0.22297254,0,0,19.3,23.3,21.3
00-0036407,Jerry Jeudy,WR,DEN,0,0,0,0,0,0,0,0,0,0,0.0,0,0,0,0,0,0.0,0,7,11,96,0,114,35,4,3.2729065,0,0.24444444,0.24152543,0.5357345,0,0,9.6,16.6,13.1
00-0036410,Tee Higgins,WR,CIN,0,0,0,0,0,0,0,0,0,0,0.0,0,0,0,0,0,0.0,0,5,7,93,0,76,35,5,2.8483706,0,0.16666667,0.2093664,0.39655647,0,0,9.3,14.3,11.8
00-0036412,K.J. Hamler,WR,DEN,0,0,0,0,0,0,0,0,0,0,0.0,0,1,14,0,1,0.9050748,0,1,4,4,0,109,0,0,-2.3294694,0,0.08888889,0.2309322,0.2949859,0,0,1.8,2.8,2.3
00-0036425,DeeJay Dallas,RB,SEA,0,0,0,0,0,0,0,0,0,0,0.0,0,6,35,0,2,2.0698845,0,2,2,6,0,2,4,0,-1.4852521,0,0.07692308,0.009569378,0.12208318,0,0,4.1,6.1,5.1
00-0036442,Joe Burrow,QB,CIN,481,363,169,3,3,22,0,42,34,22,27.02564,0,3,20,1,2,-2.67485,0,0,0,0,0,0,0,0,0.0,0,0.0,0.0,0.0,0,0,39.24,39.24,39.24
00-0036493,Deon Jackson,RB,IND,0,0,0,0,0,0,0,0,0,0,0.0,0,2,3,0,1,-0.47576708,0,0,0,0,0,0,0,0,0.0,0,0.0,0.0,0.0,0,0,0.3,0.3,0.3
00-0036497,Tim Jones,WR,JAX,0,0,0,0,0,0,0,0,0,0,0.0,0,0,0,0,0,0.0,0,1,1,7,0,0,7,0,-0.092507005,0,0.023255814,0.0,0.034883723,0,0,0.7,1.7,1.2
00-0036527,D.J. Turner,WR,LV,0,0,0,0,0,0,0,0,0,0,0.0,0,3,20,0,1,0.080331065,0,0,0,0,0,0,0,0,0.0,0,0.0,0.0,0.0,0,0,2.0,2.0,2.0
00-0036550,Rashod Bateman,WR,BAL,0,0,0,0,0,0,0,0,0,0,0.0,0,0,0,0,0,0.0,0,4,5,42,0,33,14,1,1.924719,0,0.3125,0.375,0.73125,0,0,4.2,8.2,6.2
00-0036554,Nico Collins,WR,HOU,0,0,0,0,0,0,0,0,0,0,0.0,0,0,0,0,0,0.0,0,3,3,33,0,22,11,1,2.1883335,0,0.075,0.09361702,0.17803192,0,0,3.3,6.3,4.8
00-0036555,Chuba Hubbard,RB,CAR,0,0,0,0,0,0,0,0,0,0,0.0,0,9,63,1,3,4.082382,0,2,3,10,0,1,15,0,-3.2055874,0,0.14285715,0.005813954,0.21835548,0,0,13.3,15.3,14.3
00-0036556,Brevin Jordan,TE,HOU,0,0,0,0,0,0,0,0,0,0,0.0,0,0,0,0,0,0.0,0,0,4,0,0,51,0,0,-12.396136,0,0.1,0.21702127,0.3019149,0,0,0.0,0.0,0.0
00-0036613,Jaylen Waddle,WR,MIA,0,0,0,0,0,0,0,0,0,0,0.0,0,0,0,0,0,0.0,0,4,5,88,0,58,36,4,7.016326,0,0.14285715,0.16811594,0.33196688,0,0,8.8,12.8,10.8
00-0036620,D'Wayne Eskridge,WR,SEA,0,0,0,0,0,0,0,0,0,0,0.0,0,1,4,0,0,-0.01097038,0,0,1,0,0,6,0,0,-0.5364198,0,0.03846154,0.028708134,0.077788,0,0,0.4,0.4,0.4
00-0036637,Noah Gray,TE,KC,0,0,0,0,0,0,0,0,0,0,0.0,0,0,0,0,0,0.0,0,1,1,10,0,7,3,1,1.1918262,0,0.029411765,0.026923077,0.0629638,0,0,1.0,2.0,1.5
00-0036671,Dax Milne,WR,WAS,0,0,0,0,0,0,0,0,0,0,0.0,0,0,0,0,0,0.0,0,1,1,4,0,1,3,0,-0.0840446,0,0.03125,0.005555556,0.05076389,0,0,0.4,1.4,0.9
00-0036754,Brock Wright,TE,DET,0,0,0,0,0,0,0,0,0,0,0.0,0,0,0,0,0,0.0,0,4,4,57,0,9,48,3,4.217664,0,0.16,0.061643835,0.28315067,0,0,5.7,9.7,7.7
00-0036829,Caleb Huntley,RB,ATL,0,0,0,0,0,0,0,0,0,0,0.0,0,6,22,0,1,-1.0826497,0,0,0,0,0,0,0,0,0.0,0,0.0,0.0,0.0,0,0,2.2,2.2,2.2
00-0036875,Rhamondre Stevenson,RB,NE,0,0,0,0,0,0,0,0,0,0,0.0,0,11,39,1,2,0.49054602,0,8,8,59,0,2,57,2,2.4767063,0,0.2857143,0.008196721,0.43430912,0,0,15.8,23.8,19.8
00-0036876,Kylen Granson,TE,IND,0,0,0,0,0,0,0,0,0,0,0.0,0,0,0,0,0,0.0,0,1,1,6,0,5,1,0,0.32438704,0,0.024390243,0.030487806,0.05792683,0,0,0.6,1.6,1.1
00-0036877,Jaelon Darden,WR,TB,0,0,0,0,0,0,0,0,0,0,0.0,0,0,0,0,0,0.0,0,1,1,1,0,-5,6,0,-0.51015025,0,0.020833334,-0.016949153,0.019385593,0,0,0.1,1.1,0.6
00-0036893,Najee Harris,RB,PIT,0,0,0,0,0,0,0,0,0,0,0.0,0,17,65,0,2,-3.245643,0,3,4,15,0,3,15,1,-1.4094006,0,0.0952381,0.010204081,0.15,0,0,8.0,11.0,9.5
00-0036894,Pat Freiermuth,TE,PIT,0,0,0,0,0,0,0,0,0,0,0.0,0,0,0,0,0,0.0,0,8,9,75,0,73,17,4,4.0763206,0,0.21428572,0.24829932,0.4952381,0,0,7.5,15.5,11.5
00-0036898,Davis Mills,QB,HOU,302,231,183,2,1,6,1,41,28,12,3.0725102,0,0,0,0,0,0.0,0,0,0,0,0,0,0,0,0.0,0,0.0,0.0,0.0,0,0,18.08,18.08,18.08
00-0036900,Ja'Marr Chase,WR,CIN,0,0,0,0,0,0,0,0,0,0,0.0,0,0,0,0,0,0.0,0,8,11,130,2,106,39,6,11.484875,0,0.26190478,0.29201102,0.5972649,0,0,25.0,33.0,29.0
00-0036906,Khalil Herbert,RB,CHI,0,0,0,0,0,0,0,0,0,0,0.0,0,12,62,0,2,0.4058957,0,1,2,25,1,-4,26,1,2.5445864,0,0.0952381,-0.019512195,0.12919861,0,0,14.7,15.7,15.2
00-0036924,Michael Carter,RB,NYJ,0,0,0,0,0,0,0,0,0,0,0.0,0,13,29,0,1,-3.053453,0,2,2,45,0,2,43,1,2.7146788,0,0.08695652,0.017391304,0.1426087,0,0,7.4,9.4,8.4
00-0036936,Rondale Moore,WR,ARI,0,0,0,0,0,0,0,0,0,0,0.0,0,0,0,0,0,0.0,0,1,2,31,0,26,15,1,0.84767514,0,0.06896552,0.12037037,0.18770753,0,0,3.1,4.1,3.6
00-0036945,Justin Fields,QB,CHI,179,205,69,1,4,32,1,21,13,10,2.3912916,0,14,82,1,7,3.5274734,0,0,0,0,0,0,0,0,0.0,0,0.0,0.0,0.0,0,0,23.36,23.36,23.36
00-0036950,Avery Williams,RB,ATL,0,0,0,0,0,0,0,0,0,0,0.0,0,1,4,0,0,-0.21929765,0,0,1,0,0,-3,0,0,-1.5664316,0,0.083333336,-0.03,0.104,0,0,0.4,0.4,0.4
00-0036955,Terrace Marshall,WR,CAR,0,0,0,0,0,0,0,0,0,0,0.0,0,0,0,0,0,0.0,0,2,3,31,0,62,4,2,2.6463356,0,0.14285715,0.3604651,0.4666113,0,0,3.1,5.1,4.1
00-0036959,Michael Bandy,WR,LAC,0,0,0,0,0,0,0,0,0,0,0.0,0,0,0,0,0,0.0,0,1,6,-5,0,30,0,0,-4.1200643,0,0.11764706,0.09677419,0.24421252,0,0,-0.5,0.5,0.0
00-0036963,Amon-Ra St. Brown,WR,DET,0,0,0,0,0,0,0,0,0,0,0.0,0,0,0,0,0,0.0,0,1,1,4,0,-3,7,0,-0.048244342,0,0.04,-0.020547945,0.045616437,0,0,0.4,1.4,0.9
00-0036970,Kyle Pitts,TE,ATL,0,0,0,0,0,0,0,0,0,0,0.0,0,0,0,0,0,0.0,0,3,5,9,0,20,3,1,-2.6341832,0,0.41666666,0.2,0.765,0,0,0.9,3.9,2.4
00-0036971,Trevor Lawrence,QB,JAX,310,473,113,0,0,0,0,43,22,15,11.344377,0,4,3,1,2,-3.7417278,0,0,0,0,0,0,0,0,0.0,0,0.0,0.0,0.0,0,0,18.7,18.7,18.7
00-0036972,Mac Jones,QB,NE,13,62,2,0,0,0,1,6,3,1,-5.622557,0,3,24,0,1,1.5784284,0,0,0,0,0,0,0,0,0.0,0,0.0,0.0,0.0,0,0,0.92,0.92,0.92
00-0036973,Travis Etienne,RB,JAX,0,0,0,0,0,0,0,0,0,0,0.0,0,14,114,1,3,-1.3774792,1,1,5,5,0,-7,10,0,-2.6471171,0,0.11627907,-0.016509434,0.162862,0,1,17.9,18.9,18.4
00-0036991,Amari Rodgers,WR,GB,0,0,0,0,0,0,0,0,0,0,0.0,0,0,0,0,0,0.0,0,2,3,14,0,43,9,2,0.51666546,0,0.09090909,0.20187794,0.2776782,0,0,1.4,3.4,2.4
00-0037005,Tommy Tremble,TE,CAR,0,0,0,0,0,0,0,0,0,0,0.0,0,0,0,0,0,0.0,0,1,1,29,1,29,0,1,4.4994974,0,0.04761905,0.16860466,0.18945183,0,0,8.9,9.9,9.4
00-0037013,Zach Wilson,QB,NYJ,121,114,99,0,3,16,0,26,16,5,-10.71221,0,4,24,0,1,0.927988,0,0,0,0,0,0,0,0,0.0,0,0.0,0.0,0.0,0,0,7.24,7.24,7.24
00-0037078,Cole Turner,TE,WAS,0,0,0,0,0,0,0,0,0,0,0.0,0,0,0,0,0,0.0,0,0,2,0,0,19,0,0,-2.2844813,0,0.0625,0.10555556,0.16763888,0,0,0.0,0.0,0.0
00-0037087,Trestan Ebner,RB,CHI,0,0,0,0,0,0,0,0,0,0,0.0,0,3,8,0,0,-1.7960745,0,0,0,0,0,0,0,0,0.0,0,0.0,0.0,0.0,0,0,0.8,0.8,0.8
00-0037098,Samori Toure,WR,GB,0,0,0,0,0,0,0,0,0,0,0.0,0,0,0,0,0,0.0,0,1,1,4,0,4,0,0,-0.36693183,0,0.030303031,0.018779343,0.058600087,0,0,0.4,1.4,0.9
00-0037168,Armani Rogers,TE,WAS,0,0,0,0,0,0,0,0,0,0,0.0,0,0,0,0,0,0.0,0,3,3,28,0,12,16,2,2.2368255,0,0.09375,0.06666667,0.18729167,0,0,2.8,5.8,4.3
00-0037197,Isiah Pacheco,RB,KC,0,0,0,0,0,0,0,0,0,0,0.0,0,8,43,0,1,-0.10152833,0,0,0,0,0,0,0,0,0.0,0,0.0,0.0,0.0,0,0,4.3,4.3,4.3
00-0037228,Jaylen Warren,RB,PIT,0,0,0,0,0,0,0,0,0,0,0.0,0,2,7,0,1,1.9154313,0,2,2,17,0,-1,18,0,-0.5075715,0,0.04761905,-0.003401361,0.06904762,0,0,2.4,4.4,3.4
00-0037238,Drake London,WR,ATL,0,0,0,0,0,0,0,0,0,0,0.0,0,0,0,0,0,0.0,0,1,1,9,0,5,4,0,0.7480752,0,0.083333336,0.05,0.16,0,0,0.9,1.9,1.4
00-0037239,Chris Olave,WR,NO,0,0,0,0,0,0,0,0,0,0,0.0,0,0,0,0,0,0.0,0,7,14,106,0,168,33,4,-3.2755265,0,0.3043478,0.45405406,0.7743596,0,0,10.6,17.6,14.1
00-0037247,George Pickens,WR,PIT,0,0,0,0,0,0,0,0,0,0,0.0,0,0,0,0,0,0.0,0,6,6,61,1,55,6,4,6.3350554,0,0.14285715,0.18707483,0.3452381,0,0,12.1,18.1,15.1
00-0037252,Greg Dulcich,TE,DEN,0,0,0,0,0,0,0,0,0,0,0.0,0,0,0,0,0,0.0,0,6,9,51,0,76,22,2,-2.4587104,0,0.2,0.16101696,0.41271186,0,0,5.1,11.1,8.1
00-0037256,Rachaad White,RB,TB,0,0,0,0,0,0,0,0,0,0,0.0,0,6,24,0,1,-0.6897062,0,1,2,8,0,5,12,0,0.20792614,0,0.041666668,0.016949153,0.07436441,0,0,3.2,4.2,3.7
00-0037257,David Bell,WR,CLE,0,0,0,0,0,0,0,0,0,0,0.0,0,0,0,0,0,0.0,0,1,1,7,0,5,2,0,0.53434306,0,0.04,0.030303031,0.08121212,0,0,0.7,1.7,1.2
00-0037258,Dameon Pierce,RB,HOU,0,0,0,0,0,0,0,0,0,0,0.0,0,20,92,0,7,-0.82460916,0,4,4,25,0,-10,35,1,1.3905948,0,0.1,-0.04255319,0.12021276,0,0,11.7,15.7,13.7
00-0037263,Tyler Allgeier,RB,ATL,0,0,0,0,0,0,0,0,0,0,0.0,0,16,50,1,4,0.47414356,0,0,0,0,0,0,0,0,0.0,0,0.0,0.0,0.0,0,0,11.0,11.0,11.0
00-0037272,Montrell Washington,WR,DEN,0,0,0,0,0,0,0,0,0,0,0.0,0,1,2,0,0,-0.4503895,0,0,0,0,0,0,0,0,0.0,0,0.0,0.0,0.0,0,0,0.2,0.2,0.2
00-0037299,Keaontay Ingram,RB,ARI,0,0,0,0,0,0,0,0,0,0,0.0,0,9,14,1,2,-3.9851577,0,2,2,23,0,-4,27,1,1.1553695,0,0.06896552,-0.018518519,0.09048531,0,0,9.7,11.7,10.7
00-0037304,Connor Heyward,TE,PIT,0,0,0,0,0,0,0,0,0,0,0.0,0,0,0,0,0,0.0,0,1,1,6,0,-2,8,0,0.49666974,0,0.023809524,-0.006802721,0.030952381,0,0,0.6,1.6,1.1
00-0037311,Ko Kieft,TE,TB,0,0,0,0,0,0,0,0,0,0,0.0,0,0,0,0,0,0.0,0,1,1,18,0,12,6,1,1.124674,0,0.020833334,0.040677965,0.059724577,0,0,1.8,2.8,2.3
00-0037429,Raheem Blackshear,RB,CAR,0,0,0,0,0,0,0,0,0,0,0.0,0,2,-5,0,0,-2.1363332,0,0,0,0,0,0,0,0,0.0,0,0.0,0.0,0.0,0,0,-0.5,-0.5,-0.5
00-0037545,Rashid Shaheed,WR,NO,0,0,0,0,0,0,0,0,0,0,0.0,0,0,0,0,0,0.0,0,1,1,53,1,44,9,1,5.2786827,0,0.02173913,0.11891892,0.11585194,0,0,11.3,12.3,11.8
00-0037569,Peyton Hendershot,TE,DAL,0,0,0,0,0,0,0,0,0,0,0.0,0,0,0,0,0,0.0,0,2,2,5,1,0,5,1,0.79148674,0,0.08,0.0,0.12,0,0,6.5,8.5,7.5
00-0037617,Hassan Haskins,RB,TEN,0,0,0,0,0,0,0,0,0,0,0.0,0,0,0,0,0,0.0,0,1,1,5,0,-1,6,0,-0.9620839,0,0.05,-0.0078125,0.06953125,0,0,0.5,1.5,1.0
00-0037664,Alec Pierce,WR,IND,0,0,0,0,0,0,0,0,0,0,0.0,0,0,0,0,0,0.0,0,3,4,37,0,48,2,2,1.801656,0,0.09756097,0.29268292,0.3512195,0,0,3.7,6.7,5.2
00-0037740,Garrett Wilson,WR,NYJ,0,0,0,0,0,0,0,0,0,0,0.0,0,0,0,0,0,0.0,0,4,4,24,0,5,19,2,0.7985362,0,0.17391305,0.04347826,0.29130435,0,0,2.4,6.4,4.4
00-0037746,Brian Robinson,RB,WAS,0,0,0,0,0,0,0,0,0,0,0.0,0,20,73,0,3,-3.3104055,0,2,2,13,0,-8,21,0,1.2328408,0,0.0625,-0.044444446,0.062638886,0,0,8.6,10.6,9.6
00-0037755,Jelani Woods,TE,IND,0,0,0,0,0,0,0,0,0,0,0.0,0,0,0,0,0,0.0,0,1,2,4,0,4,0,1,-0.55250406,0,0.048780486,0.024390243,0.090243906,0,0,0.4,1.4,0.9
00-0037801,Kavontae Turpin,WR,DAL,0,0,0,0,0,0,0,0,0,0,0.0,0,1,3,0,0,-0.3913184,0,0,0,0,0,0,0,0,0.0,0,0.0,0.0,0.0,0,0,0.3,0.3,0.3
00-0037809,Chigoziem Okonkwo,TE,TEN,0,0,0,0,0,0,0,0,0,0,0.0,0,0,0,0,0,0.0,0,0,1,0,0,-1,0,0,-0.57449293,0,0.05,-0.0078125,0.06953125,0,0,0.0,0.0,0.0
00-0037816,Romeo Doubs,WR,GB,0,0,0,0,0,0,0,0,0,0,0.0,0,0,0,0,0,0.0,0,0,4,0,0,13,0,0,-6.6791644,0,0.121212125,0.061032865,0.22454119,0,0,0.0,0.0,0.0
00-0037827,Tyrion Davis-Price,RB,SF,0,0,0,0,0,0,0,0,0,0,0.0,0,2,4,0,0,-0.51330256,0,0,2,0,0,0,0,0,-0.9328389,0,0.04347826,0.0,0.06521739,0,0,0.4,0.4,0.4
00-0037828,Danny Gray,WR,SF,0,0,0,0,0,0,0,0,0,0,0.0,0,0,0,0,0,0.0,0,0,2,0,0,58,0,0,-0.84212637,0,0.04347826,0.16959064,0.18393084,0,0,0.0,0.0,0.0
00-0037834,Brock Purdy,QB,SF,66,95,10,0,0,0,1,9,4,4,0.11195082,0,1,1,0,0,-0.3868607,0,0,0,0,0,0,0,0,0.0,0,0.0,0.0,0.0,0,0,0.74,0.74,0.74
00-0037838,Isaiah Likely,TE,BAL,0,0,0,0,0,0,0,0,0,0,0.0,0,0,0,0,0,0.0,0,1,1,16,0,10,6,1,1.3537182,0,0.0625,0.11363637,0.17329545,0,0,1.6,2.6,2.1
00-0038040,Zamir White,RB,LV,0,0,0,0,0,0,0,0,0,0,0.0,0,1,2,0,0,-0.3142124,0,0,0,0,0,0,0,0,0.0,0,0.0,0.0,0.0,0,0,0.2,0.2,0.2
00-0038041,Jake Ferguson,TE,DAL,0,0,0,0,0,0,0,0,0,0,0.0,0,0,0,0,0,0.0,0,1,1,7,0,5,2,0,1.0255972,0,0.04,0.018518519,0.07296296,0,0,0.7,1.7,1.2
00-0038045,Isaiah Spiller,RB,LAC,0,0,0,0,0,0,0,0,0,0,0.0,0,1,-5,0,0,-1.7990991,0,0,0,0,0,0,0,0,0.0,0,0.0,0.0,0.0,0,0,-0.5,-0.5,-0.5
00-0038090,Skyy Moore,WR,KC,0,0,0,0,0,0,0,0,0,0,0.0,0,0,0,0,0,0.0,0,0,1,0,0,8,0,0,-3.6092615,0,0.029411765,0.03076923,0.06565611,0,0,0.0,0.0,0.0
00-0038102,Kenny Pickett,QB,PIT,257,301,113,1,2,11,3,44,32,14,-5.8204556,0,3,20,0,1,0.5477818,0,0,0,0,0,0,0,0,0.0,0,0.0,0.0,0.0,0,0,10.28,10.28,10.28
00-0038104,Tyquan Thornton,WR,NE,0,0,0,0,0,0,0,0,0,0,0.0,0,0,0,0,0,0.0,0,1,5,19,0,75,1,1,-4.9024777,0,0.17857143,0.30737704,0.48302108,0,0,1.9,2.9,2.4
00-0038108,Bailey Zappe,QB,NE,185,182,68,1,1,8,2,22,14,8,-2.5211492,0,2,-1,0,0,-4.5370245,0,0,0,0,0,0,0,0,0.0,0,0.0,0.0,0.0,0,1,5.3,5.3,5.3
00-0038115,Daniel Bellinger,TE,NYG,0,0,0,0,0,0,0,0,0,0,0.0,0,0,0,0,0,0.0,0,1,1,13,0,10,3,1,0.9999451,0,0.03448276,0.051813472,0.08799357,0,0,1.3,2.3,1.8
00-0038117,Wan'Dale Robinson,WR,NYG,0,0,0,0,0,0,0,0,0,0,0.0,0,0,0,0,0,0.0,0,6,8,50,0,24,36,2,1.2984825,0,0.27586207,0.12435233,0.5008397,0,0,5.0,11.0,8.0
00-0038120,Breece Hall,RB,NYJ,0,0,0,0,0,0,0,0,0,0,0.0,0,4,72,1,1,4.633738,0,0,0,0,0,0,0,0,0.0,0,0.0,0.0,0.0,0,0,13.2,13.2,13.2
00-0038129,Cade Otton,TE,TB,0,0,0,0,0,0,0,0,0,0,0.0,0,0,0,0,0,0.0,0,4,5,64,0,-29,39,2,1.1870309,0,0.104166664,-0.098305084,0.08743644,0,0,6.4,10.4,8.4
00-0038134,Kenneth Walker,RB,SEA,0,0,0,0,0,0,0,0,0,0,0.0,0,23,167,2,7,5.5801706,0,0,0,0,0,0,0,0,0.0,0,0.0,0.0,0.0,0,0,28.7,28.7,28.7
